model,depth,penalty,repeat,status,process_seconds,call_seconds,LB,UB,gap,score,d3_calls,d3_seconds,gpu_compute_and_join_seconds,metadata_seconds,pack_seconds,recovery_seconds,rmp_seconds,rmp_solves,result
legacy,4,0.0,1,OPT,11.348697999957949,10.790991800138727,0.27603021321350013,0.27603021321350013,0.0,,316,10.663237599190328,2.0292719989083667,0.12436019978485974,0.04609730024822063,0.040548499906435664,0.0016395000275224447,6,D:\论文高\LP_OCT\JT-OCT_fast_20260930\reports\native_accuracy_20260930\raw\legacy_d4_p0_r1.json
native,4,0.0,1,OPT,0.8563852000515908,0.6646582998801023,0.27603021321350013,0.27603021321350013,0.0,,316,0.5926298999693231,0.3859409971628334,0.050944000016897806,0.01937560271471742,0.009766899747773993,0.001465399982407689,6,D:\论文高\LP_OCT\JT-OCT_fast_20260930\reports\native_accuracy_20260930\raw\native_d4_p0_r1.json
cc_f1,4,0.0,1,OPTIMAL_TOL,0.7826505000703037,0.569633400067687,-0.7575150301601202,-0.7575150300601202,1.000000082740371e-10,0.7575150300601202,,,0,,,,,,D:\论文高\LP_OCT\JT-OCT_fast_20260930\reports\native_accuracy_20260930\raw\cc_f1_d4_p0_r1.json
f1,4,0.0,1,OPTIMAL_TOL,2.333488899981603,2.1254209999460727,-0.7575150310601202,-0.7575150300601202,9.999999717180685e-10,,,,0,,,,,,D:\论文高\LP_OCT\JT-OCT_fast_20260930\reports\native_accuracy_20260930\raw\f1_d4_p0_r1.json
legacy,4,0.01,1,OPT,2.871926699997857,2.383171800058335,0.3172559518118365,0.3172559518118365,0.0,,309,2.277918398147453,1.5686478000134305,0.10563739947974672,0.017069499474018802,0.007244799286127103,0.0015484001487493515,6,D:\论文高\LP_OCT\JT-OCT_fast_20260930\reports\native_accuracy_20260930\raw\legacy_d4_p0.01_r1.json
native,4,0.01,1,OPT,0.7611098000779748,0.5770801000762731,0.3172559518118365,0.3172559518118365,0.0,,309,0.5199511994142095,0.33196110115386457,0.0427992010954768,0.015241898130625469,0.003914499422535292,0.0016028995160013437,6,D:\论文高\LP_OCT\JT-OCT_fast_20260930\reports\native_accuracy_20260930\raw\native_d4_p0.01_r1.json
cc_f1,4,0.01,1,OPTIMAL_TOL,0.7535063999239355,0.54667460010387,-0.7220602935064162,-0.7220602934064162,1.000000082740371e-10,0.7420602934064162,,,0,,,,,,D:\论文高\LP_OCT\JT-OCT_fast_20260930\reports\native_accuracy_20260930\raw\cc_f1_d4_p0.01_r1.json
f1,4,0.01,1,OPTIMAL_TOL,1.8513458000961691,1.6521495999768376,-0.7220602944064162,-0.7220602934064162,9.999999717180685e-10,,,,0,,,,,,D:\论文高\LP_OCT\JT-OCT_fast_20260930\reports\native_accuracy_20260930\raw\f1_d4_p0.01_r1.json
legacy,5,0.0,1,OPT,263.81299220002256,263.3127223001793,0.26493928673869377,0.26493928673869377,0.0,,44473,247.23859881424193,221.83437500546063,15.40622470551124,2.5525166022125094,6.875232999445932,8.406783999875188,169,D:\论文高\LP_OCT\JT-OCT_fast_20260930\reports\native_accuracy_20260930\raw\legacy_d5_p0_r1.json
native,5,0.0,1,OPT,44.25567649980076,44.056185600114986,0.26493928673869377,0.26493928673869377,0.0,,44240,39.59938149969145,28.864013822516366,5.642765893833754,2.9018497841898103,2.0575564985629207,1.0937151003163308,23,D:\论文高\LP_OCT\JT-OCT_fast_20260930\reports\native_accuracy_20260930\raw\native_d5_p0_r1.json
cc_f1,5,0.0,1,OPTIMAL_TOL,33.766760900150985,33.40157889993861,-0.7669474529680305,-0.7669474528680305,1.000000082740371e-10,0.7669474528680305,,,0,,,,,,D:\论文高\LP_OCT\JT-OCT_fast_20260930\reports\native_accuracy_20260930\raw\cc_f1_d5_p0_r1.json
f1,5,0.0,1,OPTIMAL_TOL,134.580520800082,134.10440959990956,-0.7669474538680304,-0.7669474528680305,9.999999717180685e-10,,,,0,,,,,,D:\论文高\LP_OCT\JT-OCT_fast_20260930\reports\native_accuracy_20260930\raw\f1_d5_p0_r1.json
